x,y
-15.2198,-1.9347
-13.7342,6.83607
-13.5113,-5.54798
-13.2994,-4.46411
-13.2723,2.42042
-13.2158,1.03389
-13.1224,-2.80554
-12.9943,0.57654
-12.861,3.13303
-12.6299,-4.18843
-12.5586,-0.542694
-12.5519,3.74813
-12.5292,-1.53123
-12.4778,1.82203
-12.4954,4.53153
-12.3555,1.18787
-12.4119,2.08274
-12.315,0.539976
-12.1652,-4.29416
-12.2379,0.802362
-12.1001,-6.58368
-12.0743,-4.16923
-12.1038,-0.603772
-12.0232,4.80369
-11.8888,-6.88642
-11.9306,-5.0751
-11.8725,-4.40447
-11.9235,-3.50338
-11.8891,-2.49111
-11.867,-0.459632
-11.9286,2.24221
-11.9465,4.42563
-11.7701,-2.6034
-11.8396,-2.59188
-11.7831,-1.05906
-11.6986,-3.84942
-11.7269,-0.668145
-11.7168,-0.132652
-11.726,4.89226
-11.6383,0.747855
-11.601,1.96438
-11.585,3.87746
-11.5605,4.48634
-11.6491,4.60278
-11.5036,-1.78485
-11.5126,-1.75883
-11.5187,-1.18199
-11.5495,2.70913
-11.4389,-3.32239
-11.3956,-3.33103
-11.396,-2.44687
-11.3736,-1.17545
-11.2865,-1.51501
-11.2628,1.54988
-11.3026,1.88103
-11.2918,3.37824
-11.2109,-4.73205
-11.1747,-4.55754
-11.1778,-4.11315
-11.1553,-2.45214
-11.2481,2.20902
-11.0864,-3.65518
-11.0594,-1.4476
-11.1356,2.15367
-11.0556,4.53309
-11.0003,-3.36797
-11.0408,-3.2762
-10.9938,-3.09671
-10.9608,-2.9193
-10.967,-2.46697
-10.953,-0.549892
-10.9909,0.628106
-10.9715,3.00995
-11.0132,4.26878
-11.0121,7.0874
-10.891,-5.35936
-10.9009,-2.0995
-10.9138,-1.89689
-10.8776,1.08277
-10.9354,2.74797
-10.8778,3.25028
-10.8917,4.04053
-10.7755,-7.05813
-10.8131,-5.8655
-10.8498,-4.15645
-10.8017,-1.95537
-10.7642,-1.11079
-10.7947,-0.553187
-10.8048,2.44263
-10.7781,2.48448
-10.755,2.48214
-10.8116,3.17341
-10.8482,3.77228
-10.656,-3.96785
-10.6735,-3.74705
-10.6556,-3.36022
-10.692,-1.55657
-10.738,2.24536
-10.6941,3.01687
-10.6545,4.46833
-10.7094,5.78622
-10.6182,-3.12201
-10.6095,-2.59006
-10.6034,-1.7984
-10.6269,-1.67427
-10.5806,-1.65056
-10.6421,-1.68763
-10.632,-1.46932
-10.6188,0.813112
-10.6203,6.13888
-10.493,-9.393
-10.4873,-8.16573
-10.5112,-7.95248
-10.5378,-5.2658
-10.4797,1.01528
-10.5331,2.66048
-10.5429,4.59112
-10.4359,-6.45606
-10.4312,-5.86456
-10.4435,1.92625
-10.3874,4.72142
-10.3706,4.6653
-10.3049,-6.39567
-10.3353,-5.07422
-10.3202,-3.10345
-10.2549,-2.36168
-10.3058,1.60516
-10.2876,3.35374
-10.2661,4.88995
-10.1812,-5.63987
-10.1997,-5.35912
-10.1965,-3.77014
-10.1948,0.514335
-10.199,2.8514
-10.1762,3.35963
-10.1824,3.65056
-10.0818,-4.65344
-10.1098,-1.07821
-10.0704,-0.242807
-10.1288,2.97626
-10.1393,3.32425
-10.1024,3.47609
-10.0527,4.66541
-10.1318,5.66954
-9.9975,-5.64182
-9.99216,-5.63533
-9.97949,-5.08172
-10.0311,-1.95926
-10.0376,1.56232
-10.0019,2.50622
-9.96964,2.97513
-9.98191,5.48534
-9.90234,-8.35916
-9.92588,-5.68579
-9.87239,-5.62654
-9.85828,-5.18532
-9.90139,-4.3138
-9.8698,-3.27658
-9.85848,-2.54536
-9.92686,-2.33672
-9.85366,-1.99848
-9.88817,0.421859
-9.92109,3.32621
-9.94373,3.83597
-9.7757,-7.51689
-9.79137,-6.26186
-9.77231,-4.64205
-9.81056,-3.87855
-9.79079,0.0376564
-9.79763,0.386186
-9.77726,3.25545
-9.83405,4.65522
-9.81009,5.56946
-9.84127,6.14341
-9.66775,-6.26775
-9.72276,-3.87735
-9.6877,-3.404
-9.74595,-2.67897
-9.70971,-0.234174
-9.67843,-0.185098
-9.74154,0.121785
-9.72979,0.419522
-9.74966,2.81318
-9.5932,-6.94466
-9.57519,-3.12399
-9.6178,-1.92707
-9.64983,-0.762855
-9.61285,2.86642
-9.63466,2.99198
-9.5764,3.9167
-9.56104,4.17999
-9.55582,4.31273
-9.64236,4.80855
-9.54953,-6.7427
-9.51322,-6.37097
-9.46008,-5.65646
-9.48539,-5.18472
-9.52786,-4.89392
-9.52406,-3.06376
-9.51043,-2.73707
-9.50069,-2.43496
-9.46167,-1.8914
-9.4918,-0.170409
-9.53921,-0.212151
-9.50532,0.351964
-9.54586,2.31688
-9.47302,2.71538
-9.5359,2.93683
-9.47557,3.87803
-9.45648,5.87524
-9.5146,6.42668
-9.49119,6.89277
-9.51625,7.17673
-9.52951,7.27049
-9.48332,8.44998
-9.40185,-7.73779
-9.36905,-5.93717
-9.38857,-0.239206
-9.37105,3.41309
-9.44145,3.85128
-9.40236,4.04133
-9.36008,4.10632
-9.42117,4.1505
-9.3686,4.62602
-9.44932,4.96158
-9.37738,7.38023
-9.34989,-6.25963
-9.33085,-6.21742
-9.27898,-4.41689
-9.28637,-2.75549
-9.30323,-0.677659
-9.33659,2.11947
-9.32675,3.11662
-9.29795,3.51847
-9.33553,3.89805
-9.26035,4.3288
-9.21965,-8.84831
-9.17911,-7.23104
-9.18062,-5.66653
-9.24797,-5.74978
-9.15845,-4.40638
-9.23584,-2.74967
-9.22409,-1.23853
-9.23298,0.272986
-9.15301,2.12097
-9.18066,2.36184
-9.2021,3.19289
-9.13505,-4.83341
-9.11807,-4.24096
-9.08914,-1.64911
-9.0808,0.856142
-9.0956,2.26257
-9.0936,4.10942
-8.98822,-6.00318
-9.02681,-3.23966
-9.00477,-1.19786
-9.01859,1.13458
-9.03194,2.23968
-9.04691,2.97126
-8.99037,3.10095
-8.99595,3.62664
-8.98211,4.12576
-9.01872,4.44908
-8.99543,5.42225
-9.00371,10.1474
-8.9459,-6.98893
-8.94938,-6.10554
-8.88821,-3.81519
-8.86307,-2.64313
-8.92429,-2.57155
-8.92265,-1.48784
-8.94992,0.21618
-8.93343,2.63095
-8.89631,2.67534
-8.85378,4.96162
-8.94453,5.24874
-8.89465,6.06999
-8.86429,7.32081
-8.86217,7.75973
-8.87279,8.36145
-8.90554,8.56739
-8.80915,-8.96815
-8.79219,-5.70565
-8.77324,-4.95048
-8.81758,-3.2578
-8.75223,-2.38541
-8.84508,-2.0256
-8.79533,-0.0182953
-8.77225,0.865656
-8.79736,1.90205
-8.79944,6.8309
-8.78469,8.34988
-8.77996,8.62041
-8.7271,-1.8271
-8.66358,0.024828
-8.68908,-0.0195675
-8.71198,-0.0294511
-8.72016,2.5294
-8.74966,7.38963
-8.66451,8.02358
-8.57893,-4.50795
-8.63721,-1.74597
-8.64597,-0.00401477
-8.55462,2.24821
-8.55327,3.67537
-8.54157,-9.56777
-8.47909,-8.35648
-8.49836,-7.27616
-8.46501,-4.83902
-8.48595,-4.23667
-8.54769,-3.77105
-8.50776,-2.80688
-8.53428,1.90597
-8.54735,2.18512
-8.52715,4.33122
-8.54733,4.94992
-8.52958,4.92641
-8.52515,4.9821
-8.4728,5.01056
-8.41639,-5.56514
-8.40918,-4.56638
-8.39064,-2.46086
-8.36464,2.03364
-8.4322,5.05623
-8.42,5.07445
-8.38388,7.47237
-8.37743,7.82183
-8.39068,8.23183
-8.27518,-10.0833
-8.27067,-7.9376
-8.28606,-7.59318
-8.29254,-5.21077
-8.3101,-4.96459
-8.32267,1.75975
-8.33178,2.16226
-8.34251,2.99477
-8.32218,4.7577
-8.30922,6.21118
-8.30623,6.15252
-8.34977,7.15466
-8.32368,10.212
-8.16672,-9.18279
-8.15351,4.78043
-8.17289,5.16024
-8.22038,7.64098
-8.14133,-7.79847
-8.06607,-7.725
-8.06533,-7.08637
-8.0986,-5.6713
-8.09605,3.28031
-8.08345,3.36031
-7.95809,-8.41272
-8.04241,-7.64738
-8.03322,-7.36197
-7.9704,-4.64381
-8.02997,-4.5444
-8.04371,-4.45651
-8.01082,-4.40131
-8.00295,-4.44095
-7.97096,2.91903
-8.00463,3.90682
-7.96895,4.86903
-8.03941,4.96001
-8.01778,5.13015
-8.02858,7.5094
-8.01688,9.10359
-8.0412,10.0638
-7.89318,-7.44227
-7.92959,1.76739
-7.87113,2.75988
-7.88416,3.40811
-7.92342,3.90362
-7.90148,4.25204
-7.85278,4.32933
-7.94428,4.65572
-7.89384,5.61811
-7.85971,6.01728
-7.91209,8.63621
-7.90498,9.9113
-7.85025,9.97742
-7.79357,-10.1713
-7.83235,-9.05702
-7.84707,-7.48713
-7.77159,-7.34793
-7.76659,-6.68793
-7.79679,-2.32114
-7.76388,-2.18986
-7.8461,3.85153
-7.76301,4.10678
-7.82586,5.75356
-7.76498,6.21521
-7.78709,7.40822
-7.83074,7.4649
-7.67743,-8.89926
-7.68894,-7.93655
-7.67387,-6.81877
-7.72309,4.20944
-7.66935,4.26046
-7.74258,4.67232
-7.72448,5.13142
-7.71702,7.66415
-7.63099,-8.78095
-7.56724,-8.24958
-7.6376,-5.73243
-7.61466,-5.70242
-7.64625,-3.03369
-7.57274,7.00407
-7.58813,7.81716
-7.56424,10.7931
-7.51729,-9.39263
-7.53934,-6.84517
-7.5238,-6.27819
-7.54895,-5.6969
-7.47364,-3.29683
-7.54298,-3.16286
-7.47777,3.46438
-7.53471,3.77553
-7.5298,4.49523
-7.45637,4.57785
-7.45669,7.28256
-7.50563,9.82492
-7.50398,10.5131
-7.42425,-10.4568
-7.39181,-7.99881
-7.41341,-6.70289
-7.40506,-6.13253
-7.38213,-5.22286
-7.4386,-4.56824
-7.42635,-3.32332
-7.3794,3.54659
-7.4208,3.48085
-7.38063,3.56395
-7.36257,5.83743
-7.43113,9.23555
-7.43887,9.48713
-7.43795,9.65027
-7.43719,9.77783
-7.38612,10.3061
-7.33417,-10.4104
-7.33655,-7.95794
-7.34021,-6.60759
-7.2626,-4.64781
-7.32586,-3.35966
-7.30727,5.31026
-7.31707,6.94293
-7.30244,6.86008
-7.34607,6.92035
-7.33872,8.37542
-7.15669,-11.1286
-7.23573,-8.65147
-7.23118,-7.44317
-7.22224,-5.53032
-7.1595,-5.26192
-7.23029,-4.28135
-7.23083,2.36094
-7.17631,3.91932
-7.24819,4.51369
-7.17721,4.5998
-7.21344,6.36485
-7.18293,6.99842
-7.15771,7.88855
-7.07348,-6.37361
-7.12189,-5.55071
-7.06628,-5.26285
-7.08872,-4.27612
-7.13041,-2.61291
-7.13753,2.44696
-7.12045,5.85002
-7.13551,7.67282
-7.0404,-10.0714
-6.9736,-8.93876
-6.99996,-5.89014
-7.00982,-5.545
-6.999,-4.40319
-6.98596,4.10321
-6.99583,5.8095
-7.01051,8.25999
-7.01489,8.33205
-6.89322,-7.3409
-6.88982,-7.16195
-6.87762,-6.89067
-6.92433,-6.36178
-6.89639,-5.04411
-6.86177,-4.75051
-6.85874,4.16655
-6.90162,7.91264
-6.92588,8.2384
-6.85606,9.14762
-6.87833,11.0144
-6.85078,11.4038
-6.76608,-8.81994
-6.78132,-8.57919
-6.80067,-8.04661
-6.78876,-7.17096
-6.82884,3.68143
-6.81023,4.35426
-6.80508,4.90358
-6.80953,5.18919
-6.80597,6.92939
-6.81068,7.37099
-6.81146,8.12242
-6.84983,8.09662
-6.8013,9.27246
-6.75897,10.4951
-6.74703,-9.62804
-6.74143,-7.91344
-6.69114,-6.32768
-6.72634,-4.75
-6.74331,-3.40604
-6.74744,5.3392
-6.70321,6.47174
-6.69311,6.70241
-6.6538,6.85943
-6.70756,7.68466
-6.65095,8.03109
-6.73271,10.4955
-6.56348,-7.83562
-6.58954,-7.56889
-6.62849,5.08133
-6.55397,6.5637
-6.64503,7.97284
-6.62545,12.0171
-6.5085,-9.46579
-6.4952,-7.89929
-6.4986,-7.56022
-6.46839,-7.61917
-6.47729,5.50868
-6.49859,5.89884
-6.54963,6.96743
-6.52719,8.00151
-6.51551,8.06433
-6.52006,9.02893
-6.50629,8.98442
-6.47316,9.30165
-6.53595,9.41284
-6.4173,-10.5918
-6.37478,-9.41949
-6.35391,-4.48712
-6.35777,6.29176
-6.40308,7.13942
-6.39175,8.37692
-6.39019,8.82083
-6.42554,11.9174
-6.34985,-7.89409
-6.27575,-7.35343
-6.30811,-6.06924
-6.34701,-4.69949
-6.29621,-4.20228
-6.31936,8.7567
-6.27003,10.0204
-6.17833,-7.41369
-6.24492,-6.73786
-6.22434,-4.59612
-6.17999,-3.97009
-6.24998,7.31311
-6.16453,7.44651
-6.21401,8.15827
-6.24705,8.54491
-6.15903,8.60356
-6.24808,8.97014
-6.22162,10.9786
-6.13855,-8.43627
-6.14576,8.25463
-6.05715,8.34957
-6.13164,9.07648
-6.05808,9.62814
-6.00761,-10.6431
-6.04092,-10.1894
-6.02719,-10.1791
-5.9924,-9.93658
-5.99892,-8.56991
-5.97001,-6.49518
-5.97811,-5.86683
-6.04953,-4.64463
-6.00696,7.4951
-6.01267,8.21026
-6.00921,8.38528
-6.01381,8.46619
-5.85096,-10.1448
-5.93753,-9.49981
-5.92241,-8.34488
-5.92596,-4.434
-5.94791,6.40627
-5.9352,7.047
-5.94958,7.52683
-5.85315,7.78
-5.93983,7.95683
-5.91063,9.20086
-5.89974,9.4445
-5.90739,9.47132
-5.92454,10.753
-5.77365,-10.0009
-5.7877,-9.58289
-5.75448,-8.81083
-5.80623,-5.12673
-5.80806,-4.78195
-5.76687,-4.83398
-5.84997,6.36158
-5.84959,6.47509
-5.77052,9.76882
-5.81793,10.1681
-5.65511,6.31571
-5.65461,8.4317
-5.6533,8.42899
-5.62243,-9.03286
-5.6282,-8.91388
-5.64234,-8.54218
-5.59751,-8.41762
-5.57369,-6.31916
-5.63943,3.11632
-5.59404,6.29381
-5.62565,6.28775
-5.45148,-9.43931
-5.45603,-9.22911
-5.50013,-8.57793
-5.47426,-4.73073
-5.50423,7.8624
-5.45434,8.46315
-5.45082,10.1295
-5.48307,11.431
-5.49548,12.989
-5.44948,-11.6508
-5.35352,-11.2157
-5.42592,-9.08221
-5.40305,-7.07188
-5.44951,-6.18712
-5.40581,7.44087
-5.3592,8.37018
-5.37109,8.44036
-5.43054,8.3943
-5.37988,8.4698
-5.43055,10.8061
-5.36497,12.4607
-5.27111,-10.594
-5.31718,-8.66973
-5.26091,6.22416
-5.26508,7.82193
-5.28128,7.98798
-5.29029,8.07397
-5.25286,8.78688
-5.30595,9.68535
-5.33808,10.4459
-5.3068,10.6932
-5.19814,-8.81795
-5.20745,-8.18978
-5.24001,8.03237
-5.12633,-10.5001
-5.1498,7.24117
-5.11398,8.18663
-5.13066,8.41791
-5.14967,8.78494
-5.12622,9.32602
-4.97298,-12.1796
-4.96944,-10.9577
-4.97594,-10.8843
-5.02531,-9.7878
-4.96435,-8.76177
-4.9556,-6.71844
-5.0248,7.20322
-4.9527,7.54557
-5.00809,7.98231
-4.97028,8.5285
-5.03613,8.54193
-4.8508,-11.2966
-4.91557,-9.80556
-4.922,10.1181
-4.77012,-10.124
-4.84059,-9.01892
-4.8255,-7.64025
-4.83219,6.06781
-4.78152,7.36683
-4.79028,8.43435
-4.82917,8.37804
-4.8415,8.86346
-4.77723,8.97413
-4.76946,9.28116
-4.71673,-11.1153
-4.71594,-10.5767
-4.68295,-9.43813
-4.73227,-8.16757
-4.72683,-6.98221
-4.73253,7.58119
-4.72606,7.61943
-4.7244,8.39907
-4.68644,10.0002
-4.62047,-8.66379
-4.59971,-7.6583
-4.63581,5.84707
-4.56111,7.82439
-4.6014,8.2061
-4.60245,11.921
-4.47837,-11.2495
-4.53187,-11.092
-4.45722,-9.4323
-4.48261,-8.89358
-4.5232,-8.84972
-4.48468,-8.7253
-4.48277,7.54208
-4.53154,7.88593
-4.45327,8.72722
-4.46605,9.45589
-4.45119,10.1541
-4.40398,-12.5738
-4.44591,-11.0299
-4.36984,-8.56984
-4.38819,-8.60877
-4.37036,-6.3537
-4.42035,-6.25092
-4.41186,5.1609
-4.39743,8.45014
-4.41812,8.78688
-4.44944,9.13537
-4.44437,10.8984
-4.3687,10.9999
-4.41846,11.2422
-4.30341,-11.3976
-4.26076,-9.80746
-4.28118,6.03832
-4.30516,8.48551
-4.28759,9.73038
-4.29406,10.3078
-4.1562,-8.2354
-4.18647,-8.0147
-4.15833,7.42491
-4.10998,-11.4562
-4.06837,-11.014
-4.07843,-10.9863
-4.07654,-10.1013
-4.09942,-6.42444
-4.07189,7.18578
-4.05191,9.91475
-4.03935,-8.99008
-3.97161,-8.45548
-4.04047,-8.20697
-3.98332,8.87121
-3.99788,9.44035
-3.86463,-11.6923
-3.86566,-11.5225
-3.94253,-9.99764
-3.9192,-9.86712
-3.94981,-8.70205
-3.93794,8.49404
-3.86088,9.75085
-3.90133,9.93829
-3.87264,11.804
-3.84962,-9.29747
-3.75091,-9.05091
-3.82638,10.6987
-3.83142,11.0686
-3.84609,11.3989
-3.84446,11.5932
-3.74966,-9.66429
-3.74719,-6.34051
-3.72924,7.91634
-3.74283,7.89046
-3.62008,-11.779
-3.55496,-11.6166
-3.63219,-10.0476
-3.64106,-9.50684
-3.64077,-9.10624
-3.58712,10.5194
-3.62284,10.616
-3.59352,10.7675
-3.53725,-10.4389
-3.49617,-10.3425
-3.51741,-9.6964
-3.49475,7.47855
-3.48259,10.9788
-3.53288,11.2476
-3.51932,11.5459
-3.41531,-10.2508
-3.4211,-7.7489
-3.37163,6.7022
-3.35157,7.97057
-3.36283,9.1671
-3.39431,11.4874
-3.31527,-11.488
-3.27938,-9.47938
-3.34035,-9.2033
-3.27767,-9.19735
-3.27933,-8.13114
-3.33426,9.90552
-3.25664,10.3697
-3.18837,-12.4646
-3.16295,-10.8922
-3.23825,-10.4461
-3.23286,-9.75413
-3.1502,-7.68959
-3.20859,10.2408
-3.13158,-10.5706
-3.13524,-10.3275
-3.05423,-8.21234
-3.13445,-7.42112
-3.05236,7.50136
-3.13745,8.40916
-3.06771,10.4357
-2.97675,-10.7416
-2.96872,-10.2962
-3.00197,-7.96522
-2.96934,-8.01776
-3.03232,-7.73693
-2.97146,9.48798
-2.97412,10.0179
-3.01712,10.3348
-3.04987,11.4432
-3.01788,11.6213
-2.98202,11.6967
-2.93413,-8.36717
-2.91314,-8.1709
-2.85566,6.98026
-2.94932,7.69758
-2.763,-10.7892
-2.81752,-8.9011
-2.80458,-8.63853
-2.79775,-7.72183
-2.83418,8.64552
-2.79003,8.74649
-2.78815,12.2088
-2.84873,13.0358
-2.68226,-11.1363
-2.72962,-9.66776
-2.74257,-9.0637
-2.66801,8.72635
-2.74651,9.50982
-2.67385,12.4848
-2.55916,-12.0746
-2.63705,-11.7835
-2.60015,-10.3078
-2.63583,-10.3161
-2.56373,-9.25256
-2.58968,9.44015
-2.64171,9.44464
-2.58053,14.112
-2.526,-9.5523
-2.45415,-9.1908
-2.48696,-8.65581
-2.46934,-8.61055
-2.48714,9.44151
-2.52173,11.4878
-2.48691,13.9113
-2.42069,-10.3214
-2.36417,-9.80507
-2.40851,-8.43625
-2.39139,9.43813
-2.42561,12.2838
-2.26568,-10.2978
-2.30216,-9.62376
-2.34812,-8.53594
-2.27516,-7.16104
-2.28531,8.64039
-2.30089,9.09834
-2.31916,9.27802
-2.24345,-13.0153
-2.15593,-8.90327
-2.21527,-6.95995
-2.10729,-9.235
-2.08244,-8.54926
-2.07864,10.4439
-2.0588,10.9105
-2.1478,12.4407
-2.04738,8.50712
-2.01928,12.5684
-2.04169,13.22
-1.94982,-12.5885
-1.86234,-11.4277
-1.93952,-10.5903
-1.86309,-9.1182
-1.89397,8.72146
-1.84669,-13.7676
-1.75519,-11.0538
-1.76366,-8.9576
-1.81597,8.91257
-1.82146,9.44093
-1.83088,11.0076
-1.69302,-10.2298
-1.73992,-10.1953
-1.65322,-9.55896
-1.6965,-8.5932
-1.73833,8.71077
-1.66634,9.82431
-1.73493,9.80992
-1.68927,11.1802
-1.66726,12.3333
-1.55791,7.75581
-1.59146,10.5343
-1.50559,-11.9364
-1.52634,7.55158
-1.50689,8.60174
-1.4978,9.54126
-1.49914,11.8271
-1.37774,-10.2533
-1.42819,-8.40771
-1.44755,-8.31449
-1.37844,8.43172
-1.37574,8.48385
-1.41596,8.71712
-1.26944,-7.97132
-1.34998,7.55308
-1.29824,9.0675
-1.28952,9.19272
-1.30601,11.1375
-1.17285,-9.67285
-1.1617,-9.54831
-1.18813,-8.285
-1.24877,-8.00505
-1.16583,8.58313
-1.14297,-8.99773
-1.14868,8.88864
-1.06089,9.63937
-1.12609,10.4606
-1.14408,10.5746
-1.08291,12.044
-1.0858,12.3743
-1.14984,12.49
-0.95101,8.88253
-1.02402,8.98874
-1.01712,8.97397
-0.96174,9.59642
-0.95131,9.65262
-0.856501,-12.8252
-0.918286,8.52364
-0.810558,-14.4567
-0.761594,-12.1055
-0.801318,-12.1013
-0.836301,-10.1392
-0.809837,-9.0775
-0.783663,11.0321
-0.78982,11.4771
-0.780286,11.8154
-0.765279,12.6108
-0.746008,-11.7575
-0.734327,8.76924
-0.737384,8.96284
-0.552736,-7.63275
-0.635319,10.0798
-0.6194,10.5798
-0.64097,11.5273
-0.649318,11.9381
-0.506556,-13.5862
-0.521838,-9.82351
-0.535029,9.82845
-0.548233,10.9891
-0.48186,11.5577
-0.390476,7.94781
-0.378984,10.1272
-0.368753,11.8799
-0.294415,-10.9468
-0.331394,-10.7629
-0.318806,-10.5923
-0.286026,10.7052
-0.324137,10.7148
-0.300726,10.7693
-0.326786,10.8609
-0.195948,-10.8271
-0.166031,-9.85252
-0.192115,-9.86836
-0.0873828,-11.5169
-0.0739967,-10.6371
-0.119715,-9.94156
-0.0995036,9.15626
-0.0575189,9.29022
-0.108081,10.4443
-0.0716971,10.7813
-0.0567782,11.6614
0.0372086,-11.0327
0.123356,-6.18671
0.0941065,9.12472
0.11465,10.3678
0.103693,10.4651
0.117953,10.6658
0.238597,-11.8139
0.235195,-11.4539
0.17575,11.2147
0.150094,12.5975
0.257939,-9.3561
0.281913,-9.15345
0.278223,-8.64283
0.350519,-12.9306
0.429177,-10.5773
0.437075,-9.57657
0.363258,-9.59658
0.416868,-9.34054
0.416937,-8.92983
0.43925,8.18511
0.357312,10.0344
0.374662,10.6685
0.430951,11.3216
0.386787,12.9972
0.540648,-9.47925
0.450437,-9.12005
0.538474,8.04754
0.472184,9.62631
0.514633,12.3992
0.570528,-9.49894
0.646656,8.35549
0.585849,9.78461
0.687185,-13.4868
0.651918,-12.2806
0.676253,-11.6054
0.654558,-11.2873
0.664082,-11.1648
0.723834,-10.5276
0.738503,8.53169
0.658711,9.93209
0.708324,11.6668
0.772848,-10.9174
0.819426,-10.3199
0.837058,-9.49328
0.75852,-9.09599
0.804109,8.66587
0.855292,-10.1276
0.875811,8.63709
0.944253,9.8678
0.863366,10.2617
0.974896,-11.3465
1.04472,-10.9166
0.954951,8.60608
0.982354,9.67601
1.10226,-11.465
1.06217,-10.9155
1.1423,-9.91792
1.10601,-8.9456
1.10832,-8.72905
1.11951,9.93393
1.15419,-12.7835
1.2129,-10.044
1.19092,-9.63718
1.17876,9.62252
1.31492,-13.005
1.26644,-12.1651
1.28167,-10.4874
1.29451,-7.82752
1.30889,13.7049
1.36297,-10.9402
1.43421,-9.68418
1.3865,10.4799
1.40252,11.4961
1.42528,12.5083
1.4176,12.9995
1.52607,-11.6995
1.46659,-9.55495
1.53873,-9.55194
1.64527,-9.02604
1.56724,10.6335
1.56313,13.0325
1.70764,-8.48771
1.71144,9.83488
1.7257,12.8
1.75016,-10.7004
1.80625,-10.0436
1.91544,-9.96257
1.94668,-9.59862
1.91343,-9.21184
1.85,11.2237
1.92568,12.1257
1.9819,-9.34967
2.04499,-9.24942
1.98033,-8.91171
1.96449,-8.27952
2.04426,-8.08652
1.95026,12.6267
2.09079,-9.35641
2.10743,11.8025
2.22691,-11.7107
2.15382,-10.1305
2.22792,-10.0464
2.17639,-9.80243
2.19531,11.2641
2.33672,-11.2002
2.25759,-10.679
2.26026,-10.545
2.2966,-10.0898
2.33945,-9.14304
2.30759,-9.00816
2.34171,9.31467
2.31947,10.037
2.34527,11.1025
2.41316,-11.3831
2.36608,-10.7391
2.37886,-10.1249
2.39538,-9.72966
2.39915,-8.11589
2.44208,8.34531
2.38924,9.20531
2.45994,-9.10204
2.54782,8.19298
2.45012,8.32814
2.52905,13.4792
2.64212,-12.5338
2.56786,-8.04161
2.61577,8.56154
2.66662,-12.8254
2.7426,-10.9632
2.67788,-10.2861
2.69499,-7.94817
2.67455,-7.85758
2.70347,7.49456
2.6967,10.1297
2.83262,-12.9236
2.81914,-11.4008
2.76793,-10.9017
2.75959,-9.96715
2.81509,-9.39867
2.78249,-6.51602
2.79853,6.68259
2.78223,9.93965
2.82478,10.0527
2.77367,10.8045
2.7818,12.0862
2.89317,-11.3658
2.89212,-11.2335
2.94459,-9.85032
2.92875,-9.63599
2.85254,-9.64337
2.96089,-12.3675
2.96465,-11.507
3.00462,-8.57587
3.02593,-8.52884
2.99513,6.05217
3.02423,9.36014
2.96393,10.0767
2.96819,10.6167
3.11048,-11.0985
3.06082,-10.0873
3.12802,7.49219
3.14051,8.02231
3.06299,8.2103
3.12863,11.2155
3.19836,10.1783
3.163,12.1718
3.24763,12.3026
3.25042,-12.1196
3.32935,-11.2117
3.30454,-8.99174
3.28442,7.97177
3.25394,8.51438
3.27092,9.61303
3.31965,10.9935
3.40779,-12.0941
3.40406,-7.10328
3.35669,-6.99124
3.35818,7.75818
3.42171,8.23123
3.39973,10.0879
3.37571,10.8436
3.50548,-13.7176
3.50802,-8.79448
3.47209,10.146
3.59839,-11.7641
3.56432,-10.7534
3.55236,-9.32187
3.59218,-8.18043
3.5696,-8.07512
3.61085,-7.85371
3.56906,-7.73698
3.62102,-7.05981
3.60693,8.08083
3.60099,8.5105
3.60614,8.5238
3.72878,-7.04768
3.65458,9.02595
3.6613,9.61006
3.68582,11.5219
3.77394,-7.04212
3.76626,7.48108
3.83779,10.2438
3.84207,11.4956
3.94753,-11.1978
3.86772,-10.2239
3.94578,7.19368
3.91808,7.41808
3.91376,7.45099
3.93319,7.79151
3.85606,8.68036
3.93989,9.06947
3.93295,10.0485
3.92189,12.647
3.99834,-11.7808
4.00722,-9.08256
4.01834,-8.77941
4.03123,-7.58453
3.95157,-6.57231
4.00386,7.38493
4.03551,8.45574
3.95935,10.3393
4.11455,-8.24898
4.09045,-7.39704
4.09831,8.77406
4.07409,11.5802
4.14658,11.7959
4.11083,13.7661
4.15689,-10.7165
4.15619,-10.3592
4.15634,-10.3354
4.2261,-10.0942
4.15688,-9.95999
4.23984,-9.84196
4.21042,-8.64015
4.17752,10.6883
4.15054,10.8764
4.15237,11.343
4.15061,11.6408
4.18697,12.1345
4.21017,12.3857
4.19944,12.9599
4.27057,-13.1475
4.27948,-12.2028
4.26197,-10.0871
4.28261,-8.8864
4.25985,-8.61465
4.26547,-7.9822
4.26799,-7.66575
4.33509,-7.52534
4.25292,6.69993
4.26211,8.42354
4.31709,8.64441
4.27958,11.158
4.41273,-8.05477
4.38524,-7.8498
4.41725,7.41012
4.37907,8.44623
4.37891,8.53192
4.3505,8.53169
4.51384,-7.14473
4.47115,9.38518
4.52789,10.065
4.57634,-12.1954
4.61286,-10.2958
4.5887,-10.0982
4.55712,-8.37277
4.64665,-8.33049
4.55509,-8.34658
4.5687,-8.16594
4.59993,-7.53518
4.63662,7.41425
4.55898,8.39411
4.6145,8.46903
4.55946,10.2154
4.58754,10.4038
4.65848,-9.986
4.71139,-9.4662
4.68456,-8.02493
4.69513,7.11781
4.83117,-10.3965
4.84063,-9.10403
4.8477,7.26091
4.81797,8.65282
4.76526,10.0923
4.75493,11.3293
4.82177,11.3976
4.89949,-13.5564
4.85185,-11.0328
4.93464,-10.1283
4.94728,-9.75272
4.92813,-9.3067
4.92675,-9.13841
4.89563,-6.62536
4.88952,-6.6352
4.87986,-6.50384
4.86317,8.13088
4.93181,8.69937
4.93339,11.1016
4.91737,11.2047
4.95469,-12.3513
4.96122,-10.5002
4.98303,-10.5058
5.02217,-8.50639
5.04512,-8.00868
4.95683,-6.69757
5.04566,-6.39555
5.00305,8.23357
5.01218,8.30825
4.97269,8.25499
5.03422,8.79186
5.0259,12.9505
5.14778,-12.1026
5.1196,-10.2078
5.08198,-9.37376
5.05828,-7.40325
5.07221,-6.99409
5.0708,-6.68645
5.05391,-6.64609
5.05829,6.59196
5.0631,11.2467
5.19163,-9.97499
5.24939,-9.61006
5.20978,-9.55744
5.18214,-8.40082
5.1664,-7.75034
5.16698,7.38375
5.23157,7.43157
5.21602,8.50687
5.22341,9.02268
5.23224,9.89242
5.30446,-7.98115
5.32924,-5.86091
5.28404,7.60663
5.33334,8.89637
5.36281,-11.3372
5.36897,-10.8561
5.40829,-10.414
5.35784,-9.69235
5.44879,-9.6489
5.36253,-9.48285
5.3856,7.53696
5.39758,7.71447
5.39868,7.76274
5.361,7.82865
5.43519,8.44884
5.37518,8.77826
5.36778,9.42923
5.35031,11.6809
5.54903,-11.0604
5.4733,-8.01211
5.49088,-6.62016
5.52174,-5.60776
5.53009,4.56865
5.47762,6.1723
5.53149,6.33149
5.53503,6.3558
5.5398,7.7211
5.54427,8.15818
5.46235,8.29456
5.5795,-8.54877
5.60315,7.85007
5.63636,9.5926
5.72679,-7.61691
5.69388,-6.59371
5.74682,9.99985
5.75931,-10.3148
5.80127,-8.08014
5.83754,-5.41698
5.78706,6.14384
5.76415,9.79051
5.75181,10.3922
5.88796,-10.6255
5.85955,-10.2859
5.89597,-8.15188
5.89849,6.6291
5.93459,6.69892
5.93447,6.83815
5.89839,6.88232
5.91673,7.80389
6.02958,-7.97042
6.0209,0.701222
5.98947,5.88393
5.97514,7.86999
6.12495,-8.97165
6.10833,-6.84086
6.13413,5.82115
6.13698,7.75922
6.06118,7.85081
6.05608,7.95244
6.07667,9.56254
6.06395,12.3828
6.22292,-11.1098
6.20531,-9.85729
6.2423,-6.7591
6.16061,3.88873
6.17235,6.14613
6.23302,6.4158
6.16268,7.95484
6.202,11.1006
6.34405,-7.35112
6.34521,-1.28122
6.33734,4.34538
6.27462,5.66843
6.25111,6.13825
6.34001,7.07281
6.36273,-6.81538
6.35136,-6.44649
6.37522,-5.95672
6.35044,-5.56473
6.54985,-9.80161
6.51012,-3.7721
6.47392,6.71952
6.52294,7.58021
6.51841,7.95596
6.53303,8.89214
6.62619,-6.74974
6.6354,-3.42189
6.60938,-2.56101
6.62139,5.87027
6.61121,8.9381
6.64836,10.1572
6.57734,10.4414
6.60426,10.5634
6.7389,-8.31329
6.74907,-7.83263
6.73369,-6.03655
6.67947,-5.78487
6.70195,-3.91771
6.70295,-3.89048
6.6502,5.84552
6.70644,6.89279
6.68925,7.6464
6.74994,8.75842
6.65446,9.582
6.77867,-9.76011
6.77691,-8.91821
6.75072,-6.48502
6.77537,-2.24218
6.84836,1.6655
6.84635,7.2343
6.84993,7.66897
6.80706,8.51561
6.75786,10.8075
6.94947,-6.24765
6.91184,-6.07952
6.86494,-5.91172
6.90128,5.85048
6.88945,7.04382
6.93057,10.6223
7.00955,-2.37204
7.00422,5.36909
7.04393,9.17599
7.01099,9.57041
7.06217,7.93484
7.09713,8.92793
7.09314,8.95493
7.21088,-8.18025
7.16787,-7.88121
7.23755,-7.11547
7.24213,-5.20587
7.23555,-3.99489
7.19931,6.84539
7.24968,7.79597
7.16971,7.7916
7.18063,8.97663
7.20711,9.68723
7.3361,-6.71059
7.2915,-5.61021
7.27285,-3.85861
7.33174,-3.84917
7.26285,0.712125
7.30588,4.33996
7.38911,-6.35038
7.36285,-6.31249
7.38954,-5.36831
7.37646,-4.8061
7.44768,-4.30133
7.44425,-2.47327
7.4168,0.522492
7.53162,-9.34688
7.49904,-8.56583
7.51966,-8.48069
7.49394,-7.2677
7.45459,-6.82659
7.45492,-6.21955
7.51946,-4.58971
7.46413,4.68014
7.50064,4.8721
7.47384,4.96128
7.53854,8.27487
7.5222,9.10464
7.45061,9.30371
7.57011,-6.36347
7.64443,5.94955
7.55251,6.06041
7.55184,7.44747
7.59696,9.29696
7.57982,10.041
7.71447,-5.6621
7.74455,-3.36543
7.68764,-2.4181
7.67264,3.87251
7.73476,4.41167
7.74063,4.67231
7.65451,4.68964
7.72014,4.85852
7.65458,8.89177
7.72203,9.06969
7.76443,-9.27745
7.84267,-6.73176
7.76749,-5.45218
7.78152,-4.89691
7.84101,-2.65188
7.76099,-2.59959
7.77226,4.1216
7.84494,5.98722
7.82536,7.15589
7.8661,-8.24702
7.93687,-7.01312
7.90234,-5.9103
7.86855,-4.50973
7.86142,-4.17075
7.92234,-3.36432
7.85047,-2.44597
7.89873,-1.15211
7.9341,-1.083
7.9355,2.19675
7.87973,4.98732
7.91065,5.91449
7.88286,6.06817
7.94398,6.45153
7.94147,8.91584
7.90257,9.00436
7.9894,-7.59818
8.04539,-7.323
8.03161,-7.16968
8.02419,-7.04047
7.99116,-2.50884
8.04924,-0.0471302
8.01038,4.68248
8.0425,6.2425
7.98362,6.80965
8.03088,6.93138
8.0447,10.6211
8.06862,-9.96518
8.10486,-8.46653
8.05033,-7.3049
8.12248,-6.68521
8.13476,-4.16051
8.12685,-2.48716
8.14066,-1.7939
8.0582,-1.24963
8.10464,-0.915683
8.05161,6.40819
8.13882,7.08018
8.0973,7.13423
8.08548,8.89711
8.24005,-9.47025
8.16259,-7.65732
8.1532,-7.34806
8.15245,-6.59091
8.20198,-4.44258
8.22025,-4.24609
8.19034,-0.209458
8.23017,2.32641
8.22977,4.89999
8.15229,6.46542
8.17173,6.53642
8.17927,9.46607
8.33876,-9.49152
8.32948,-5.27052
8.25497,-1.93394
8.34494,2.18383
8.3108,4.08571
8.31929,4.99945
8.32054,5.06412
8.30793,8.58938
8.43114,-8.05499
8.40956,-6.76066
8.35003,-5.44982
8.36106,-4.33629
8.37029,-4.21915
8.37721,-1.59961
8.44167,1.55731
8.37915,3.59482
8.35991,4.61178
8.44805,8.13337
8.50567,-9.95538
8.54322,-5.98665
8.52561,-3.78786
8.54025,2.3347
8.49061,3.5414
8.4697,4.81897
8.48562,5.74382
8.52434,6.28996
8.53256,7.19397
8.53391,8.93216
8.62715,-7.58372
8.59763,-5.77032
8.64497,-5.26426
8.55462,-5.26578
8.60605,-3.46858
8.59662,-1.978
8.56489,-0.242567
8.56154,3.5253
8.60806,5.04645
8.68856,-6.57061
8.66322,-6.54138
8.67446,-6.4313
8.73921,-4.37113
8.66535,-4.10081
8.70854,-3.70579
8.73121,-0.739082
8.65358,5.32994
8.68824,10.982
8.81209,-8.95152
8.8489,-6.06008
8.83057,-5.56982
8.84146,-4.87359
8.83309,-0.854208
8.81631,-0.643505
8.78523,-0.248067
8.84248,3.04647
8.79744,7.20717
8.81921,8.86974
8.91601,-9.97508
8.86332,-8.10355
8.86271,-5.54638
8.87581,-4.06414
8.85372,-2.48175
8.87684,-2.42776
8.92356,-2.44466
8.90136,-1.69492
8.94098,1.0166
8.88917,3.451
8.89258,3.76359
8.91431,4.47721
8.9246,4.74251
8.88955,4.67717
8.87248,4.88232
8.85443,5.64949
8.86841,8.66582
9.01167,-3.1286
8.98666,-2.86585
9.02282,-2.05746
8.99221,-0.897056
8.97937,0.380393
8.95836,0.460174
8.96986,3.60446
9.04731,4.15057
8.95449,4.28505
8.96098,4.93841
8.9697,6.4385
9.03321,8.42631
9.14529,-6.96703
9.08639,-5.30936
9.09516,-5.14818
9.07908,-2.27014
9.05175,-0.753806
9.10924,0.873509
9.13732,1.76023
9.14733,1.88105
9.10859,4.5213
9.06377,7.40245
9.13656,7.94262
9.19646,-8.35705
9.16235,-7.48143
9.18286,-6.26219
9.23274,-6.21308
9.24345,-5.92212
9.22349,-5.64907
9.20128,-1.31716
9.15872,-0.350325
9.23462,0.00739314
9.16981,0.895782
9.15097,2.0038
9.24598,2.07561
9.1662,3.43748
9.24459,7.51224
9.23155,7.97033
9.16166,8.97835
9.2511,-7.05385
9.31471,-3.64661
9.30776,-3.48719
9.33395,-3.52906
9.26961,-0.413567
9.29686,0.333887
9.27001,0.66753
9.26195,2.01966
9.25287,2.94817
9.28969,5.82436
9.39661,-5.9755
9.4292,-3.90669
9.37226,-2.41708
9.39066,-0.347863
9.36542,1.14686
9.379,1.75122
9.43108,2.39293
9.43341,3.13757
9.38696,4.43803
9.3542,4.86337
9.41721,4.977
9.38747,9.49058
9.45059,-6.01502
9.4926,-5.41665
9.50101,-1.33778
9.45451,-0.978574
9.54113,-0.57552
9.52098,0.0147542
9.45624,2.09054
9.48076,3.13142
9.5224,3.37988
9.53862,4.85397
9.49305,8.21963
9.59931,-5.95964
9.63701,-1.55249
9.56478,-0.217486
9.63696,-0.0631711
9.63065,1.23319
9.64938,3.97277
9.63929,6.26302
9.70558,-6.29442
9.6806,-5.93975
9.72101,-4.1005
9.70428,-2.6699
9.71998,-1.64146
9.70825,-1.18132
9.74996,-1.21479
9.74801,1.02906
9.67473,2.85336
9.71526,3.62337
9.68269,4.7754
9.79276,-6.75611
9.80899,-4.59753
9.78288,0.307091
9.75661,1.49724
9.7558,3.19073
9.88199,-4.4999
9.89446,-2.86637
9.94834,-2.58232
9.89416,-1.38393
9.86157,0.381727
9.90712,0.713072
9.87277,1.51997
9.86904,2.62556
9.85837,2.84241
9.86018,4.01363
9.91259,4.71987
9.85386,5.47886
9.88289,9.63741
9.96655,-4.79331
9.97301,-4.73695
9.95429,-0.592041
9.95938,1.14143
9.99866,2.43505
10.0045,4.05296
10.0348,4.26074
10.1016,-4.01831
10.0506,-0.85541
10.0968,-0.800948
10.0667,0.309686
10.0643,0.496761
10.0609,0.661838
10.1119,1.11091
10.1267,1.71876
10.1267,1.76415
10.1008,2.62527
10.08,2.93199
10.0693,4.21768
10.0887,6.66188
10.2295,-6.77566
10.2281,-4.72743
10.1728,-4.23925
10.1711,-0.601484
10.1684,-0.425546
10.1791,-0.430688
10.2075,2.05548
10.1843,2.8918
10.1644,3.59643
10.2165,4.63536
10.21,4.58606
10.1838,5.10386
10.2305,5.57368
10.1566,5.73323
10.2463,6.05889
10.2561,-11.2301
10.311,-7.3902
10.3032,-5.69322
10.2745,-5.08079
10.3143,-3.24552
10.3093,-1.45179
10.289,0.0414331
10.2731,0.944254
10.2534,3.60691
10.27,4.55727
10.3884,-3.07957
10.4034,-1.99347
10.4497,-1.62706
10.4344,2.62793
10.5297,-7.57659
10.4823,-3.22115
10.5295,1.4978
10.5843,-5.81826
10.5696,-3.2352
10.6439,-3.04351
10.5762,-2.92378
10.5731,2.94117
10.6497,3.34917
10.6451,3.40231
10.7145,-5.18102
10.7454,-3.52866
10.733,-2.62667
10.6941,-1.92624
10.6829,-1.87283
10.7382,0.0911384
10.7434,0.298211
10.7216,2.13658
10.6611,4.13246
10.7277,4.7706
10.7898,-4.32478
10.8159,-2.91233
10.77,-2.71091
10.822,-2.74253
10.7909,0.313575
10.8029,0.472754
10.8106,5.35696
10.7745,7.99251
10.8557,-4.70783
10.9157,-3.68428
10.9275,-0.606643
10.9137,-0.499844
10.888,0.587276
10.8701,0.714799
10.8796,0.777358
10.8589,1.3855
10.9449,3.75335
10.8564,5.39802
10.8943,5.49205
10.9563,-6.49137
11.0342,-5.37438
10.9583,-3.2593
11.0254,1.53213
11.0239,3.30791
11.0048,7.81521
11.092,-6.78705
11.1144,-4.45511
11.108,-1.4928
11.0844,0.712814
11.0997,1.08906
11.145,3.96376
11.0939,6.35574
11.1876,-2.74899
11.2225,-0.56421
11.24,1.71772
11.23,3.42645
11.2638,-1.08585
11.3239,0.0453927
11.3342,2.71269
11.3415,5.03435
11.407,-0.629383
11.376,0.0186178
11.4141,1.21403
11.4313,4.53131
11.4881,-5.19276
11.5014,-2.4267
11.5391,-0.879575
11.4855,0.052361
11.5112,1.41152
11.5317,2.15697
11.6363,-4.05491
11.5764,-3.26927
11.5721,2.56939
11.6067,2.70826
11.5982,3.96053
11.7021,-2.30839
11.6723,-1.83989
11.7273,1.35895
11.8324,-6.83619
11.7529,-1.36406
11.8487,0.126453
11.7633,3.98581
11.8623,-3.32679
11.8811,4.42488
11.9058,7.66246
12.0141,2.81393
12.0796,-1.04477
12.0583,1.85671
12.0814,2.16361
12.2369,-4.13587
12.2398,0.336929
12.2181,8.42583
12.3171,-3.82498
12.3202,-1.83961
12.2567,1.25591
12.3778,2.46703
12.5128,-3.60806
12.5384,0.654381
12.6739,-3.8912
12.7531,-1.97392
12.8584,-0.972548
12.8547,3.25164
12.988,-4.28684
12.9879,0.125234
13.2863,-0.493093
13.3467,2.75755
13.4982,2.70452
13.7315,-1.80483
